timestamp,image,status,error
2026-06-22T10:26:38,img/hero-jar.jpg,published,
2026-06-22T10:26:56,img/t-a-ingredients.jpg,publish_unverified,
2026-06-22T10:27:15,img/t-a-jar-pour.jpg,publish_unverified,
2026-06-22T10:27:34,img/t-b-chasen.jpg,publish_unverified,
2026-06-22T10:27:53,img/t-b-uji.jpg,published,
2026-06-22T10:28:12,img/t-c-toast.jpg,publish_unverified,
2026-06-22T10:28:30,img/t-c-lunchbox.jpg,publish_unverified,
2026-06-22T10:28:50,img/t-d-yogurt.jpg,publish_unverified,
2026-06-22T10:29:09,img/t-d-macros.jpg,publish_unverified,
2026-06-22T10:29:28,img/t-e-croissant.jpg,publish_unverified,
2026-06-22T10:29:47,img/t-e-cookie.jpg,publish_unverified,
2026-06-22T10:30:07,img/t-e-swirl.jpg,publish_unverified,
2026-06-22T10:30:26,img/grid-2.jpg,publish_unverified,
2026-06-22T10:30:45,img/grid-3.jpg,publish_unverified,
2026-06-24T15:07:18,img/gift-box.jpg,publish_unverified,
2026-06-24T15:07:37,img/paleo-plate.jpg,publish_unverified,
2026-06-24T15:08:44,img/xmas-anticipate.jpg,publish_unverified,
2026-06-24T15:09:45,img/antiinflam-still.jpg,publish_unverified,
2026-06-24T15:10:12,img/mothersday-tray.jpg,publish_unverified,
